USE [Cicekci]
GO
SET IDENTITY_INSERT [dbo].[Kategori] ON 

GO
INSERT [dbo].[Kategori] ([Id], [Ad]) VALUES (1, N'Doğum Günü Çiçeği')
GO
INSERT [dbo].[Kategori] ([Id], [Ad]) VALUES (2, N'Hediyelik Çiçekler')
GO
INSERT [dbo].[Kategori] ([Id], [Ad]) VALUES (3, N'İsme Özel Çiçekler')
GO
INSERT [dbo].[Kategori] ([Id], [Ad]) VALUES (6, N'Kampanyalar')
GO
INSERT [dbo].[Kategori] ([Id], [Ad]) VALUES (8, N'Anneler Günü Çiçekleri')
GO
SET IDENTITY_INSERT [dbo].[Kategori] OFF
GO
SET IDENTITY_INSERT [dbo].[Urun] ON 

GO
INSERT [dbo].[Urun] ([Id], [KategoriId], [Resim], [BirimFiyat], [Aciklama], [Ad], [CokSatan], [Kampanyali]) VALUES (3, 6, N'gül.jpg', CAST(70.00 AS Decimal(18, 2)), N'Stokta Kalan Son 20 Çiçek', N'Gülüm Benim', 0, 1)
GO
INSERT [dbo].[Urun] ([Id], [KategoriId], [Resim], [BirimFiyat], [Aciklama], [Ad], [CokSatan], [Kampanyali]) VALUES (5, 2, N'gül.jpg', CAST(70.00 AS Decimal(18, 2)), N'Popüler Ürün', N'Güller Diyarı', 0, NULL)
GO
INSERT [dbo].[Urun] ([Id], [KategoriId], [Resim], [BirimFiyat], [Aciklama], [Ad], [CokSatan], [Kampanyali]) VALUES (7, 2, N'papatya.jpeg', CAST(99.00 AS Decimal(18, 2)), N'', N'Çiçek Bahçesi', 0, NULL)
GO
INSERT [dbo].[Urun] ([Id], [KategoriId], [Resim], [BirimFiyat], [Aciklama], [Ad], [CokSatan], [Kampanyali]) VALUES (12, 8, N'25th-hour-kirmizi-kalpler-at2523-1-1.jpg', CAST(89.99 AS Decimal(18, 2)), N'', N'Kırmızı Kalpler', 0, NULL)
GO
INSERT [dbo].[Urun] ([Id], [KategoriId], [Resim], [BirimFiyat], [Aciklama], [Ad], [CokSatan], [Kampanyali]) VALUES (13, 8, N'anneler-gunu-temali-husnuyusuf-ve-gerbera-aranjmani-at3479-1-8d48e16b37501d7-36e72795.jpg', CAST(99.99 AS Decimal(18, 2)), N'', N'Hüsn-ü Yusuf', 0, NULL)
GO
INSERT [dbo].[Urun] ([Id], [KategoriId], [Resim], [BirimFiyat], [Aciklama], [Ad], [CokSatan], [Kampanyali]) VALUES (14, 8, N'at2091-1-8d76921a2b37f99-2c2867cf.jpg', CAST(69.99 AS Decimal(18, 2)), N'', N'Albatros', 0, NULL)
GO
INSERT [dbo].[Urun] ([Id], [KategoriId], [Resim], [BirimFiyat], [Aciklama], [Ad], [CokSatan], [Kampanyali]) VALUES (15, 8, N'at3940-1-8d74bc93e3870ac-e12aa0e.jpg', CAST(85.90 AS Decimal(18, 2)), N'Popüler Ürün', N'Besim Serisi', 0, NULL)
GO
INSERT [dbo].[Urun] ([Id], [KategoriId], [Resim], [BirimFiyat], [Aciklama], [Ad], [CokSatan], [Kampanyali]) VALUES (16, 8, N'canim-annem-orkide-cicegi-at3475-1-8d487f7f77c172b-89c0527b.jpg', CAST(110.90 AS Decimal(18, 2)), N'Popüler Ürün', N'Canım Annem Orkide', 0, NULL)
GO
INSERT [dbo].[Urun] ([Id], [KategoriId], [Resim], [BirimFiyat], [Aciklama], [Ad], [CokSatan], [Kampanyali]) VALUES (17, 8, N'canim-annem-vazolu-papatya-ve-guller-at3431-1-8d43624a96ee3d8-72f918fd.jpg', CAST(75.90 AS Decimal(18, 2)), N'', N'Vazolu Papatya', 0, NULL)
GO
INSERT [dbo].[Urun] ([Id], [KategoriId], [Resim], [BirimFiyat], [Aciklama], [Ad], [CokSatan], [Kampanyali]) VALUES (18, 8, N'cicek-sepeti-canim-annem-iki-dal-beyaz-orkide-at3476-1-8d5cfafa99debea-8adf5d98.jpg', CAST(100.00 AS Decimal(18, 2)), N'Popüler Ürün', N'Anneme', 0, NULL)
GO
INSERT [dbo].[Urun] ([Id], [KategoriId], [Resim], [BirimFiyat], [Aciklama], [Ad], [CokSatan], [Kampanyali]) VALUES (19, 8, N'guzmania-at2317-1-6.jpg', CAST(11050.00 AS Decimal(18, 2)), N'', N'Güzmania', 0, NULL)
GO
INSERT [dbo].[Urun] ([Id], [KategoriId], [Resim], [BirimFiyat], [Aciklama], [Ad], [CokSatan], [Kampanyali]) VALUES (20, 8, N'pauntiyeli-vazoda-antoryum-bitkisi-standart-boy.jpeg', CAST(100.50 AS Decimal(18, 2)), N'', N'Antoryum', 0, NULL)
GO
INSERT [dbo].[Urun] ([Id], [KategoriId], [Resim], [BirimFiyat], [Aciklama], [Ad], [CokSatan], [Kampanyali]) VALUES (21, 8, N'premium-kutuda-12lu-kirmizi-gul-at3589-1-8d611bc862754f6-1b601282.jpg', CAST(77.90 AS Decimal(18, 2)), N'Popüler Ürün', N'Premium', 0, NULL)
GO
INSERT [dbo].[Urun] ([Id], [KategoriId], [Resim], [BirimFiyat], [Aciklama], [Ad], [CokSatan], [Kampanyali]) VALUES (22, 8, N'puantiyeli-vazoda-15li-kirmizi-gul-aranjmani-standart-boy.jpeg', CAST(120.99 AS Decimal(18, 2)), N'Popüler Ürün', N'Puantiyeli Gül', 0, NULL)
GO
INSERT [dbo].[Urun] ([Id], [KategoriId], [Resim], [BirimFiyat], [Aciklama], [Ad], [CokSatan], [Kampanyali]) VALUES (23, 8, N'rect-serisi-canim-annem-3-lu-kalanchoe-kc349831-1-9e01d92e8d8346219aa188920978cfe4.jpg', CAST(99.99 AS Decimal(18, 2)), N'', N'Rect Serisi-1', 0, NULL)
GO
INSERT [dbo].[Urun] ([Id], [KategoriId], [Resim], [BirimFiyat], [Aciklama], [Ad], [CokSatan], [Kampanyali]) VALUES (25, 8, N'salon-guzeli-orta-boy-antoryum-bt110-1-5.jpg', CAST(100.00 AS Decimal(18, 2)), N'Popüler Ürün', N'Salon Güzeli', 0, NULL)
GO
INSERT [dbo].[Urun] ([Id], [KategoriId], [Resim], [BirimFiyat], [Aciklama], [Ad], [CokSatan], [Kampanyali]) VALUES (26, 8, N'via272-1-8d6fa3962926e53-bedae7a5.jpg', CAST(89.99 AS Decimal(18, 2)), N'', N'Rect Serisi-2', 0, NULL)
GO
INSERT [dbo].[Urun] ([Id], [KategoriId], [Resim], [BirimFiyat], [Aciklama], [Ad], [CokSatan], [Kampanyali]) VALUES (28, 1, N'akvaryum-vazoda-5li-kirmizi-gul-aranjmani-standart-boy.jpeg', CAST(99.99 AS Decimal(18, 2)), N'Günün Ürünü', N'Sevdam Serisi-1', 1, NULL)
GO
INSERT [dbo].[Urun] ([Id], [KategoriId], [Resim], [BirimFiyat], [Aciklama], [Ad], [CokSatan], [Kampanyali]) VALUES (29, 1, N'akvaryum-vazo-icerisinde-gul-buketi-at727-1-1.jpg', CAST(110.00 AS Decimal(18, 2)), N'', N'Gül Buketi', 0, NULL)
GO
INSERT [dbo].[Urun] ([Id], [KategoriId], [Resim], [BirimFiyat], [Aciklama], [Ad], [CokSatan], [Kampanyali]) VALUES (30, 1, N'ask-kuresi-kirmizi-ve-beyaz-guller-at1654-1-1.jpg', CAST(85.90 AS Decimal(18, 2)), N'', N'Aşk Küresi', 1, NULL)
GO
INSERT [dbo].[Urun] ([Id], [KategoriId], [Resim], [BirimFiyat], [Aciklama], [Ad], [CokSatan], [Kampanyali]) VALUES (32, 1, N'at346-1-8d714db5a5483fe-8167c4bd.jpg', CAST(69.99 AS Decimal(18, 2)), N'', N'Sevdam Serisi-2', 0, NULL)
GO
INSERT [dbo].[Urun] ([Id], [KategoriId], [Resim], [BirimFiyat], [Aciklama], [Ad], [CokSatan], [Kampanyali]) VALUES (33, 1, N'sevgi-bahcesi-kirmizi-gul-aranjmani-at772-1-8d4856f8271bfa6-a28d3a1b.jpg', CAST(100.00 AS Decimal(18, 2)), N'İsme Özel Tasarım Uygulanabilir Ürün', N'Sevgi Bahçesi', 1, NULL)
GO
INSERT [dbo].[Urun] ([Id], [KategoriId], [Resim], [BirimFiyat], [Aciklama], [Ad], [CokSatan], [Kampanyali]) VALUES (36, 1, N'at1652-1-8d757f9a2ebec41-44c8b34.jpg', CAST(159.90 AS Decimal(18, 2)), N'', N'Bahçen', 0, NULL)
GO
INSERT [dbo].[Urun] ([Id], [KategoriId], [Resim], [BirimFiyat], [Aciklama], [Ad], [CokSatan], [Kampanyali]) VALUES (37, 2, N'asia-kc459573-1-1.jpg', CAST(150.00 AS Decimal(18, 2)), N'', N'Kırmızı Kalpler', 0, NULL)
GO
INSERT [dbo].[Urun] ([Id], [KategoriId], [Resim], [BirimFiyat], [Aciklama], [Ad], [CokSatan], [Kampanyali]) VALUES (38, 2, N'butik-papatya-buketi-kc633620-1-1.jpg', CAST(85.90 AS Decimal(18, 2)), N'Popüler Ürün', N'Butik Papatya', 0, NULL)
GO
INSERT [dbo].[Urun] ([Id], [KategoriId], [Resim], [BirimFiyat], [Aciklama], [Ad], [CokSatan], [Kampanyali]) VALUES (39, 2, N'cicek-sepeti-100-kirmizi-gul-cicek-demeti-at1677-1-8d6463aee156183-4cb02247.jpg', CAST(110.90 AS Decimal(18, 2)), N'', N'Mahsun Kırmızıgül', 1, NULL)
GO
INSERT [dbo].[Urun] ([Id], [KategoriId], [Resim], [BirimFiyat], [Aciklama], [Ad], [CokSatan], [Kampanyali]) VALUES (40, 2, N'cicek-sepeti-ruh-esim-100-beyaz-gul-buketi-at2861-1-8d6463b8bf36f45-ca380977.jpg', CAST(75.90 AS Decimal(18, 2)), N'', N'Ruh Eşim', 0, NULL)
GO
INSERT [dbo].[Urun] ([Id], [KategoriId], [Resim], [BirimFiyat], [Aciklama], [Ad], [CokSatan], [Kampanyali]) VALUES (41, 2, N'cymbidium-orkide-kc655280-1-1.jpg', CAST(100.00 AS Decimal(18, 2)), N'Popüler Ürün', N'Orkide', 0, NULL)
GO
INSERT [dbo].[Urun] ([Id], [KategoriId], [Resim], [BirimFiyat], [Aciklama], [Ad], [CokSatan], [Kampanyali]) VALUES (42, 2, N'evered-gul-buketi-kc29776-1-1.jpg', CAST(85.90 AS Decimal(18, 2)), N'Popüler Ürün', N'Buket', 0, NULL)
GO
INSERT [dbo].[Urun] ([Id], [KategoriId], [Resim], [BirimFiyat], [Aciklama], [Ad], [CokSatan], [Kampanyali]) VALUES (43, 2, N'gul-ve-ortanca-buket-tasarimi-kc845758-1-1.jpg', CAST(100.50 AS Decimal(18, 2)), N'', N'Ortanca Buket', 0, NULL)
GO
INSERT [dbo].[Urun] ([Id], [KategoriId], [Resim], [BirimFiyat], [Aciklama], [Ad], [CokSatan], [Kampanyali]) VALUES (44, 2, N'solmayan-gokkusagi-buketi-kc518620-1-1.jpg', CAST(149.99 AS Decimal(18, 2)), N'Popüler Ürün', N'Solmayan Gökkuş', 0, NULL)
GO
INSERT [dbo].[Urun] ([Id], [KategoriId], [Resim], [BirimFiyat], [Aciklama], [Ad], [CokSatan], [Kampanyali]) VALUES (45, 3, N'at3944-1-8d74d737407748d-4cc6d647.jpg', CAST(99.99 AS Decimal(18, 2)), N'Popüler Ürün', N'Sen', 1, NULL)
GO
INSERT [dbo].[Urun] ([Id], [KategoriId], [Resim], [BirimFiyat], [Aciklama], [Ad], [CokSatan], [Kampanyali]) VALUES (46, 3, N'ayicikli-kisiye-ozel-askin-bas-harfi-kirmizi-gul-aranjmani-via148-1-8d41aaa897cd011-e322df75.jpg', CAST(150.00 AS Decimal(18, 2)), N'Popüler Ürün', N'Kırmızı Gül Aranjmanı', 0, NULL)
GO
INSERT [dbo].[Urun] ([Id], [KategoriId], [Resim], [BirimFiyat], [Aciklama], [Ad], [CokSatan], [Kampanyali]) VALUES (47, 3, N'Isme-ozel-ahsap-saksida-haworthia-sukulent-kc8868594-1-b494c5699412496bb22ddabd619bb43a.jpg', CAST(110.00 AS Decimal(18, 2)), N'', N'Ahşap Saksıda Hawortia', 0, NULL)
GO
INSERT [dbo].[Urun] ([Id], [KategoriId], [Resim], [BirimFiyat], [Aciklama], [Ad], [CokSatan], [Kampanyali]) VALUES (48, 3, N'kisiye-ozel-askin-bas-harfi-kirmizi-gul-aranjmani-via144-1-8d40174f2634a64-7913e37e.jpg', CAST(85.90 AS Decimal(18, 2)), N'', N'Via', 1, NULL)
GO
INSERT [dbo].[Urun] ([Id], [KategoriId], [Resim], [BirimFiyat], [Aciklama], [Ad], [CokSatan], [Kampanyali]) VALUES (49, 3, N'kisiye-ozel-sevimli-kutuda-kirmizi-gul-harf-aranjmani-at3786-1-8d697ef8fc1e8b9-f2f46edb.jpg', CAST(99.99 AS Decimal(18, 2)), N'', N'Harf Serisi', 0, NULL)
GO
INSERT [dbo].[Urun] ([Id], [KategoriId], [Resim], [BirimFiyat], [Aciklama], [Ad], [CokSatan], [Kampanyali]) VALUES (50, 3, N'kisiye-ozel-vazolu-husnuyusuf-ve-gerbera-aranjmani-at3464-1-8d46ae75f1566df-796960ac.jpg', CAST(75.90 AS Decimal(18, 2)), N'', N'Yusufcuk', 0, NULL)
GO
INSERT [dbo].[Urun] ([Id], [KategoriId], [Resim], [BirimFiyat], [Aciklama], [Ad], [CokSatan], [Kampanyali]) VALUES (51, 3, N'kisiye-ozel-vazolu-papatya-aranjmani-at3437-1-8d464977dcbec6b-3cb84283.jpg', CAST(100.00 AS Decimal(18, 2)), N'Popüler Ürün', N'Papatyalar', 0, NULL)
GO
INSERT [dbo].[Urun] ([Id], [KategoriId], [Resim], [BirimFiyat], [Aciklama], [Ad], [CokSatan], [Kampanyali]) VALUES (52, 3, N'kisiye-ozel-vazolu-papatya-husnuyusuf-ve-karanfil-aranjmani-at3443-1-8d4364d360aca0e-9aa65449.jpg', CAST(11050.00 AS Decimal(18, 2)), N'Popüler Ürün', N'Karanfil', 0, NULL)
GO
INSERT [dbo].[Urun] ([Id], [KategoriId], [Resim], [BirimFiyat], [Aciklama], [Ad], [CokSatan], [Kampanyali]) VALUES (53, 3, N'kisiye-ozel-vazolu-papatya-ve-gerbera-aranjmani-at3444-1-8d4649768212f6c-cc210cba.jpg', CAST(89.99 AS Decimal(18, 2)), N'', N'Gerbera', 0, NULL)
GO
INSERT [dbo].[Urun] ([Id], [KategoriId], [Resim], [BirimFiyat], [Aciklama], [Ad], [CokSatan], [Kampanyali]) VALUES (54, 3, N'kisiye-ozel-vazolu-papatya-ve-lilyum-aranjmani-at3442-1-8d46bc59692e33e-76203640.jpg', CAST(75.90 AS Decimal(18, 2)), N'', N'Lilium', 0, NULL)
GO
INSERT [dbo].[Urun] ([Id], [KategoriId], [Resim], [BirimFiyat], [Aciklama], [Ad], [CokSatan], [Kampanyali]) VALUES (55, 1, N'at1741-1-8d714dd6e0ce959-9f0598c8.jpg', CAST(99.99 AS Decimal(18, 2)), N'', N'Zen Serisi-1', 0, NULL)
GO
INSERT [dbo].[Urun] ([Id], [KategoriId], [Resim], [BirimFiyat], [Aciklama], [Ad], [CokSatan], [Kampanyali]) VALUES (56, 1, N'beyaz_kokulu_lilyum_ve_beyaz_g_l_buketi_ankara_i_ek_i_1_2.jpg', CAST(167.99 AS Decimal(18, 2)), N'', N'Zen Serisi-2', 0, NULL)
GO
INSERT [dbo].[Urun] ([Id], [KategoriId], [Resim], [BirimFiyat], [Aciklama], [Ad], [CokSatan], [Kampanyali]) VALUES (58, 1, N'cm108.jpg', CAST(85.90 AS Decimal(18, 2)), N'İndirimli Ürün', N'Sevdam Serisi-2', 0, NULL)
GO
INSERT [dbo].[Urun] ([Id], [KategoriId], [Resim], [BirimFiyat], [Aciklama], [Ad], [CokSatan], [Kampanyali]) VALUES (59, 1, N'cm115.jpg', CAST(189.99 AS Decimal(18, 2)), N'Aynı Gün Kargo - Son 5 Ürün', N'Hatıra Serisi-1', 1, NULL)
GO
INSERT [dbo].[Urun] ([Id], [KategoriId], [Resim], [BirimFiyat], [Aciklama], [Ad], [CokSatan], [Kampanyali]) VALUES (60, 1, N'cm206.jpg', CAST(99.99 AS Decimal(18, 2)), N'', N'Sevdam Serisi-3', 0, NULL)
GO
INSERT [dbo].[Urun] ([Id], [KategoriId], [Resim], [BirimFiyat], [Aciklama], [Ad], [CokSatan], [Kampanyali]) VALUES (64, 1, N'cm122.jpg', CAST(110.00 AS Decimal(18, 2)), N'Aynı Gün Kargo', N'Hayat', 1, NULL)
GO
INSERT [dbo].[Urun] ([Id], [KategoriId], [Resim], [BirimFiyat], [Aciklama], [Ad], [CokSatan], [Kampanyali]) VALUES (65, 1, N'cm166.jpg', CAST(85.90 AS Decimal(18, 2)), N'Stokta Kalan Son 20 Ürün', N'Besim Serisi', 0, NULL)
GO
INSERT [dbo].[Urun] ([Id], [KategoriId], [Resim], [BirimFiyat], [Aciklama], [Ad], [CokSatan], [Kampanyali]) VALUES (66, 1, N'cm232.jpg', CAST(300.00 AS Decimal(18, 2)), N'Ücretsiz Kargo', N'Kutlama Serisi-1', 1, NULL)
GO
INSERT [dbo].[Urun] ([Id], [KategoriId], [Resim], [BirimFiyat], [Aciklama], [Ad], [CokSatan], [Kampanyali]) VALUES (67, 1, N'cm336.jpg', CAST(250.00 AS Decimal(18, 2)), N'', N'Kamelya', 0, NULL)
GO
INSERT [dbo].[Urun] ([Id], [KategoriId], [Resim], [BirimFiyat], [Aciklama], [Ad], [CokSatan], [Kampanyali]) VALUES (68, 1, N'cm415.jpg', CAST(100.00 AS Decimal(18, 2)), N'', N'Ayça', 0, NULL)
GO
INSERT [dbo].[Urun] ([Id], [KategoriId], [Resim], [BirimFiyat], [Aciklama], [Ad], [CokSatan], [Kampanyali]) VALUES (69, 1, N'cm443.jpg', CAST(117.99 AS Decimal(18, 2)), N'', N'Sevdam Serisi-2', 1, NULL)
GO
INSERT [dbo].[Urun] ([Id], [KategoriId], [Resim], [BirimFiyat], [Aciklama], [Ad], [CokSatan], [Kampanyali]) VALUES (70, 1, N'cm457.jpg', CAST(159.90 AS Decimal(18, 2)), N'Saat 14:00 e Kadarki Siparişlerde Aynı Gün Teslimat', N'Zen Serisi-3', 1, NULL)
GO
INSERT [dbo].[Urun] ([Id], [KategoriId], [Resim], [BirimFiyat], [Aciklama], [Ad], [CokSatan], [Kampanyali]) VALUES (71, 1, N'cm558.jpg', CAST(75.90 AS Decimal(18, 2)), N'', N'Lilium', 1, NULL)
GO
INSERT [dbo].[Urun] ([Id], [KategoriId], [Resim], [BirimFiyat], [Aciklama], [Ad], [CokSatan], [Kampanyali]) VALUES (72, 1, N'cm590.jpg', CAST(145.50 AS Decimal(18, 2)), N'', N'Efsane', 0, NULL)
GO
INSERT [dbo].[Urun] ([Id], [KategoriId], [Resim], [BirimFiyat], [Aciklama], [Ad], [CokSatan], [Kampanyali]) VALUES (73, 1, N'cm663.jpg', CAST(99.99 AS Decimal(18, 2)), N'Aynı Gün Kargo', N'Yaşam Serisi', 0, NULL)
GO
INSERT [dbo].[Urun] ([Id], [KategoriId], [Resim], [BirimFiyat], [Aciklama], [Ad], [CokSatan], [Kampanyali]) VALUES (74, 6, N'papatya2.jpeg', CAST(45.00 AS Decimal(18, 2)), N'deneme', N'papatya', 0, 0)
GO
SET IDENTITY_INSERT [dbo].[Urun] OFF
GO
INSERT [dbo].[Sepet] ([Id], [OlusturmaTarihi]) VALUES (N'1262c53f-ddc6-43ae-ae96-60f574807c43', CAST(0x0000ABBE01399A4A AS DateTime))
GO
INSERT [dbo].[Sepet] ([Id], [OlusturmaTarihi]) VALUES (N'1741cd4a-2725-4a5e-b372-284107b15cf6', CAST(0x0000ABBF010E79F9 AS DateTime))
GO
INSERT [dbo].[Sepet] ([Id], [OlusturmaTarihi]) VALUES (N'1ea1957f-54f5-4717-ae5d-c7d91ecc6128', CAST(0x0000ABC000043CB5 AS DateTime))
GO
INSERT [dbo].[Sepet] ([Id], [OlusturmaTarihi]) VALUES (N'2612c622-ae28-45c3-ae28-741ec5e84dde', CAST(0x0000ABBE012FD3A3 AS DateTime))
GO
INSERT [dbo].[Sepet] ([Id], [OlusturmaTarihi]) VALUES (N'50d05b25-649c-4837-972d-191d3166baa3', CAST(0x0000ABC00027093C AS DateTime))
GO
INSERT [dbo].[Sepet] ([Id], [OlusturmaTarihi]) VALUES (N'7305d8c6-d062-4ddf-a81d-7d91ca2b4338', CAST(0x0000ABC00024091D AS DateTime))
GO
INSERT [dbo].[Sepet] ([Id], [OlusturmaTarihi]) VALUES (N'7efa8d05-057f-4b94-b63d-8d5e67058d61', CAST(0x0000ABBE0131B220 AS DateTime))
GO
INSERT [dbo].[Sepet] ([Id], [OlusturmaTarihi]) VALUES (N'949b41af-58e8-4f0a-9784-21792decfe3c', CAST(0x0000ABC00028FAF5 AS DateTime))
GO
INSERT [dbo].[Sepet] ([Id], [OlusturmaTarihi]) VALUES (N'b25258ed-4687-4993-8e82-35c6556cf626', CAST(0x0000ABBE01342549 AS DateTime))
GO
INSERT [dbo].[Sepet] ([Id], [OlusturmaTarihi]) VALUES (N'deec8f46-3028-436f-a969-a05ff2dda382', CAST(0x0000ABC000223CC7 AS DateTime))
GO
INSERT [dbo].[Sepet] ([Id], [OlusturmaTarihi]) VALUES (N'e6376bc9-0bc2-4601-9c5e-e3f427c8022b', CAST(0x0000ABBE0138258B AS DateTime))
GO
INSERT [dbo].[Sepet] ([Id], [OlusturmaTarihi]) VALUES (N'f672ddb1-b47d-4a0e-8d30-fed43df1eca6', CAST(0x0000ABBE012EBE8F AS DateTime))
GO
INSERT [dbo].[Sepet] ([Id], [OlusturmaTarihi]) VALUES (N'f7c05840-b03d-4477-bf39-ecea6e9ad26d', CAST(0x0000ABC000212753 AS DateTime))
GO
INSERT [dbo].[Sepet] ([Id], [OlusturmaTarihi]) VALUES (N'febc585e-0d54-49f6-861c-ec10c811389c', CAST(0x0000ABC0000D1D8B AS DateTime))
GO
INSERT [dbo].[UrunSepet] ([UrunId], [SepetId], [Miktar]) VALUES (3, N'1262c53f-ddc6-43ae-ae96-60f574807c43', 1)
GO
INSERT [dbo].[UrunSepet] ([UrunId], [SepetId], [Miktar]) VALUES (3, N'2612c622-ae28-45c3-ae28-741ec5e84dde', 1)
GO
INSERT [dbo].[UrunSepet] ([UrunId], [SepetId], [Miktar]) VALUES (3, N'7efa8d05-057f-4b94-b63d-8d5e67058d61', 2)
GO
INSERT [dbo].[UrunSepet] ([UrunId], [SepetId], [Miktar]) VALUES (3, N'b25258ed-4687-4993-8e82-35c6556cf626', 2)
GO
INSERT [dbo].[UrunSepet] ([UrunId], [SepetId], [Miktar]) VALUES (3, N'e6376bc9-0bc2-4601-9c5e-e3f427c8022b', 2)
GO
INSERT [dbo].[UrunSepet] ([UrunId], [SepetId], [Miktar]) VALUES (3, N'f672ddb1-b47d-4a0e-8d30-fed43df1eca6', 1)
GO
INSERT [dbo].[UrunSepet] ([UrunId], [SepetId], [Miktar]) VALUES (3, N'febc585e-0d54-49f6-861c-ec10c811389c', 1)
GO
INSERT [dbo].[UrunSepet] ([UrunId], [SepetId], [Miktar]) VALUES (5, N'7305d8c6-d062-4ddf-a81d-7d91ca2b4338', 1)
GO
INSERT [dbo].[UrunSepet] ([UrunId], [SepetId], [Miktar]) VALUES (5, N'7efa8d05-057f-4b94-b63d-8d5e67058d61', 1)
GO
INSERT [dbo].[UrunSepet] ([UrunId], [SepetId], [Miktar]) VALUES (5, N'949b41af-58e8-4f0a-9784-21792decfe3c', 1)
GO
INSERT [dbo].[UrunSepet] ([UrunId], [SepetId], [Miktar]) VALUES (5, N'b25258ed-4687-4993-8e82-35c6556cf626', 1)
GO
INSERT [dbo].[UrunSepet] ([UrunId], [SepetId], [Miktar]) VALUES (5, N'deec8f46-3028-436f-a969-a05ff2dda382', 1)
GO
INSERT [dbo].[UrunSepet] ([UrunId], [SepetId], [Miktar]) VALUES (5, N'f672ddb1-b47d-4a0e-8d30-fed43df1eca6', 1)
GO
INSERT [dbo].[UrunSepet] ([UrunId], [SepetId], [Miktar]) VALUES (5, N'febc585e-0d54-49f6-861c-ec10c811389c', 1)
GO
INSERT [dbo].[UrunSepet] ([UrunId], [SepetId], [Miktar]) VALUES (7, N'1741cd4a-2725-4a5e-b372-284107b15cf6', 1)
GO
INSERT [dbo].[UrunSepet] ([UrunId], [SepetId], [Miktar]) VALUES (12, N'f7c05840-b03d-4477-bf39-ecea6e9ad26d', 1)
GO
INSERT [dbo].[UrunSepet] ([UrunId], [SepetId], [Miktar]) VALUES (13, N'50d05b25-649c-4837-972d-191d3166baa3', 1)
GO
INSERT [dbo].[UrunSepet] ([UrunId], [SepetId], [Miktar]) VALUES (28, N'1262c53f-ddc6-43ae-ae96-60f574807c43', 1)
GO
INSERT [dbo].[UrunSepet] ([UrunId], [SepetId], [Miktar]) VALUES (28, N'1741cd4a-2725-4a5e-b372-284107b15cf6', 1)
GO
INSERT [dbo].[UrunSepet] ([UrunId], [SepetId], [Miktar]) VALUES (30, N'f7c05840-b03d-4477-bf39-ecea6e9ad26d', 1)
GO
INSERT [dbo].[UrunSepet] ([UrunId], [SepetId], [Miktar]) VALUES (48, N'50d05b25-649c-4837-972d-191d3166baa3', 1)
GO
INSERT [dbo].[UrunSepet] ([UrunId], [SepetId], [Miktar]) VALUES (74, N'1ea1957f-54f5-4717-ae5d-c7d91ecc6128', 1)
GO
SET IDENTITY_INSERT [dbo].[Rol] ON 

GO
INSERT [dbo].[Rol] ([Id], [Ad]) VALUES (1, N'Standart')
GO
INSERT [dbo].[Rol] ([Id], [Ad]) VALUES (2, N'Admin')
GO
SET IDENTITY_INSERT [dbo].[Rol] OFF
GO
SET IDENTITY_INSERT [dbo].[Uye] ON 

GO
INSERT [dbo].[Uye] ([Id], [KullaniciAdi], [Sifre], [Eposta], [KayitTarihi], [SonGirisTarihi], [RolId]) VALUES (6, N'admin', N'123456', N'asd@asd.gmail.com', CAST(0x0000AB3500000000 AS DateTime), CAST(0x0000AB5500000000 AS DateTime), 2)
GO
SET IDENTITY_INSERT [dbo].[Uye] OFF
GO
INSERT [dbo].[Siparis] ([Id], [SiparisTarihi], [KartNo], [UyeId], [FaturaAdSoyad], [FaturaAdres], [TelNo], [Email], [Cvv], [SktYil], [SktAy], [KartSahibiAdSoyad], [SiparisTutari]) VALUES (N'1262c53f-ddc6-43ae-ae96-60f574807c43', CAST(0x0000ABBE0139B134 AS DateTime), N'', NULL, N'asd ', N'asd ', N'3453453453', N'asd@asd', 0, 2024, 1, N'', CAST(148.99 AS Decimal(18, 2)))
GO
INSERT [dbo].[Siparis] ([Id], [SiparisTarihi], [KartNo], [UyeId], [FaturaAdSoyad], [FaturaAdres], [TelNo], [Email], [Cvv], [SktYil], [SktAy], [KartSahibiAdSoyad], [SiparisTutari]) VALUES (N'1ea1957f-54f5-4717-ae5d-c7d91ecc6128', CAST(0x0000ABC000045656 AS DateTime), N'', NULL, N'eqerere', N'dfdff dfsdf', N'3453453453', N'asd@csd', 0, 2024, 1, N'', CAST(31.50 AS Decimal(18, 2)))
GO
INSERT [dbo].[Siparis] ([Id], [SiparisTarihi], [KartNo], [UyeId], [FaturaAdSoyad], [FaturaAdres], [TelNo], [Email], [Cvv], [SktYil], [SktAy], [KartSahibiAdSoyad], [SiparisTutari]) VALUES (N'50d05b25-649c-4837-972d-191d3166baa3', CAST(0x0000ABC000271EF2 AS DateTime), N'', NULL, N'asd ', N'qweqw', N'3453453453', N'asd@csd', 0, 2024, 1, N'', CAST(185.89 AS Decimal(18, 2)))
GO
INSERT [dbo].[Siparis] ([Id], [SiparisTarihi], [KartNo], [UyeId], [FaturaAdSoyad], [FaturaAdres], [TelNo], [Email], [Cvv], [SktYil], [SktAy], [KartSahibiAdSoyad], [SiparisTutari]) VALUES (N'7305d8c6-d062-4ddf-a81d-7d91ca2b4338', CAST(0x0000ABC000241433 AS DateTime), N'', NULL, N'asd ', N'asd ', N'3453453453', N'asd@asd', 0, 2024, 1, N'', CAST(70.00 AS Decimal(18, 2)))
GO
INSERT [dbo].[Siparis] ([Id], [SiparisTarihi], [KartNo], [UyeId], [FaturaAdSoyad], [FaturaAdres], [TelNo], [Email], [Cvv], [SktYil], [SktAy], [KartSahibiAdSoyad], [SiparisTutari]) VALUES (N'b25258ed-4687-4993-8e82-35c6556cf626', CAST(0x0000ABBE01343C82 AS DateTime), N'', NULL, N'qweqwe', N'qweqw', N'3453453453', N'asd@asd', 0, 2024, 1, N'', CAST(0.00 AS Decimal(18, 2)))
GO
INSERT [dbo].[Siparis] ([Id], [SiparisTarihi], [KartNo], [UyeId], [FaturaAdSoyad], [FaturaAdres], [TelNo], [Email], [Cvv], [SktYil], [SktAy], [KartSahibiAdSoyad], [SiparisTutari]) VALUES (N'f672ddb1-b47d-4a0e-8d30-fed43df1eca6', CAST(0x0000ABBE012ED9E2 AS DateTime), N'', NULL, N'asd ', N'asd ', N'13213213', N'asd@asd', 0, 2024, 1, N'', CAST(0.00 AS Decimal(18, 2)))
GO
INSERT [dbo].[Siparis] ([Id], [SiparisTarihi], [KartNo], [UyeId], [FaturaAdSoyad], [FaturaAdres], [TelNo], [Email], [Cvv], [SktYil], [SktAy], [KartSahibiAdSoyad], [SiparisTutari]) VALUES (N'febc585e-0d54-49f6-861c-ec10c811389c', CAST(0x0000ABC0000D30E8 AS DateTime), N'', NULL, N'asd ', N'qweqw', N'3453453453', N'asd@csd', 0, 2024, 1, N'', CAST(119.00 AS Decimal(18, 2)))
GO
INSERT [dbo].[__MigrationHistory] ([MigrationId], [ContextKey], [Model], [ProductVersion]) VALUES (N'202005171519571_InitialCreate', N'Cicekci.DataAccess.DataContext', 0x1F8B0800000000000400ED5DDD6EDB3816BE5F60DF41D0E5A21327293A980DEC19B84933083A698A3A19EC5C058CC43844F4E395E820C6609F6C2FF691F61596942889BF1229CBB2DB2D7A13933A8787E4770E0F7FCEE97FFFFD9FE92FAF71E4BDC02C476932F34F8E8E7D0F26411AA26439F3D7F8F1879FFC5F7EFEEB5FA61FC2F8D5FBBDFAEE2DFD8E5026F9CC7FC278753699E4C1138C417E14A3204BF3F4111F05693C01613A393D3EFEFBE4E46402090B9FF0F2BCE9977582510C8B1FE4E7799A047085D720BA4E4318E5AC9CD42C0AAEDE2710C37C050238F3CF51009F0374740130980701CC73DF9B4708104916307AF43D9024290698C8797697C305CED264B958910210DD6E56907CF708A21C32F9CF9ACF6DBB727C4ABB3269082B56C13AC769ECC8F0E42D1B9B894CDE6B84FD7AECC8E87D20A38C37B4D7C508CEFC8F00C3659A21DF931B3B3B8F32FAA16E808F2AB2371EAB7C5343812086FE2335EB08AF33384BE01A67207AE37D5E3F4428F80837B7E9334C66C93A8A78E18878A44E2820459FB3740533BCF9021F99C857A1EF4D44BA894C589371346567AE12FCF6D4F73E91C6C14304EBB9E73ABEC069067F8509CC482FC3CF0063982594072C464F695D6A6B5EB745A046B4C6F7AEC1EB6F3059E2A799FF8EA8C9257A856155C09ABF4B10D1314283B335D4882735F909BCA06521ADD4F85DB62630F902A3A2327F42AB520B8E68C57D33DB97591A7F4923465157DCDF826C0931E940AAAB5DA4EB2C90A4994E1A50B542AD14CD096694E43BC4D4B6AA09E96EB39DCF1798A3B805AD27C776706D6FE53DCA507C893600574D5DC000C520F2BDCF19F98BAD343FF9DE22005476F78ECC03F41C8118B46ADE107D69556EDBE172ECDC79FABC203A91542DBF4F896AD29F5D20895720D9800875111AAD49632FFA5B94CA66E82D4A656F5CECDB02AE288941A4A2F6BE3436A24C4D8DD6CC71D53A3BD726D51F69B68EB51215358A344DA9220957B5B5B56503E56C720BBA7DD85DDAB86A7BB59F1632F6B1D3551BDBD8CDBAF15DAFF352BBD7E81983CC5176236ACD7AD4A802FBA681AE54A5E057AE7755A55607C64AB7750647A3FABDB4AA8F46ED4D9BB6F3624603F54D4446739DC580CC0C7AAA172B3282F0966C09B701385A1196B91EE265DDBD0A70BE4285B750DB07DC83689D8C719356F60379356C6E302FA9BE03DDD8241BA1BE30577CB30C7F4ADBBCD11F07F077EF3650592CDB292E019963300F17E906B48DF1E9BB77BB18E4AAF90CE6E3377E0BA3D62939DD09AE3EC40045E377F6FCE5C509188B67FC4723A72DC97CE34441B562019ED0031A0E8103F853768B8D62D5B54B91F562B3817A476A03EF6B13CF79514DB1BA3DE2EAB6DB955099DCF6231BF8F52D29239C0051D604A604E6680F0BD963065BCF417662E656698EDB4E787664E73E820DC2032DDA8B34F9150DE70310ED74DECA1AED0561A6B517A4FCBED0DBC656B022C54E54E5AE7E719BA36E61AE941D9FC694F53257C59038992B42F1DD5C391F9BEEF84EC4B010B6005B46940CF85E6862A7844E782A68BE236A37C778C5E09EB4FAEB835C1A5C931987191AE262D0AAA1AE0DC130D73A173083018C6012A22C86ED5EBAFB715FE7C1B9ACA29A33751B2D9DE7791AA0A2754EA4E65E43ECC78724F45A2F39CA21AFCE2BC9A813F5442BA290A4E999FF3765604C0CEB95B561D85CB5884C4F7C599B6F920B322F187AF3A07C75700EF20084EA8C923109C5126200C8B426F46DC439990F62525082556B819280ACAF519BE81291A591A142D5ECE59A0BB20F4AA87D689B039B76F9FB53B5FDBA1969B0BAC6663AE1C0D48E3171436882846177D840A2F68B44441C1F1D9DB420CD70C2C9B12DB7A932CC648EBDB0A26D7C04AC68C7B27FBB2360A4724F4CD3A8F82ACD04167EEB0EAD842A840645856BD565FF7A6148EAF908E891BA69D322DB9BED053AFC9EC9B8DEE83650ADB3D76156B407489DB66A2048687A33C602A476D9A65576A8BE9F9547BA64322E12A61BA7CE65622776C678ED2C3A5C5A910682986144C658BBF49DB769D9F04C622C3B24DED9B7B9BEBA0BFC5E736B646B80CC61BAD3AADC23F9D3EA3C585934D3C39D3150C66D154D50D0ED1B1B18B083197B64E9DE6F1D3AAA54994740943AEE0786A6F25080D0604201B3EA68036040CBE0ABEEB1CF5D0ED9915DCE4E4A649C509E0B88955794CD1184B2A757B026F22831A5D097C516B4CC786A19B0BA0E2E260E96D495F7A7D257355DBDA00EA92AFF46551899B2D80D299445690725330C0A2D2B97A839888983CFBD92E5BED13EA39511DF75E0544B5C4144D199AE13268E83118D13B16B16DD966EBCD56EB79C80589C8170421BF06371E2C133D182D8BDDBF59582DA61ED76BE7543CFC9A7016BEB369C87854643DC3B26DCC269406CDA70766E39DB25EDDC607603A10F78E587781AF8B66DA3AC36525DE8B3DAFE48EA3F148CE5B7B67AAB65F2EC6D7C7B1BC16D9CF90EFBD7A3EFFCC583DA6F93AFD9E56D72726A178F2EF7B27F3FAB8B8FDAC7A9EBA693329892154C2786A8CBE93558AD50B2E4A2305989B76021983F2CDC6313E392C724104C86EC91D52DE134034B28D5D2E098105EA22CC7D4677B00F416EB3C8C95CF788FCEB0E6572D494E9B3A4D95335011D0BFD9933873A4A4C6F165F497A45F3175998B1B51DD72AC907A340E164420D35CC09EA7D13A4ECCDEBB997A2E51CFB5D4D38924B7E2A42B23A4EC67C411B79A0F83CA39CD858E87C53CE8C9763307FCCD14CFA5EDC6CACC8DC5F7F18C58913D0F3E7A8F67C4973B60AC0ED4139056970E8D5613751353C7F3684A5D66AC09B31367AC293F282D32392CCEAAA46564A94F065AD320572702FC009B4E09CC5CEAC3509E8DF184D4CCA70AC3E2D954650733D5834C73DF29769CDEED6CA61240C4B3522A0F67828CFB25B729D2B3B1992413E56EA6490A7F117450AC7231BE65108C6878CB327B2EEC3E4E302EFA2B3A330F29EC85E72555B9F32C6259741C8B0A7B7E2C3C85E7C48AEC79B0B7653C0F56E4B0F8D2C81161DDA5050E486291240284589913171A5C2231992B2F0FBBF027859BC85094AA0FC6FCE8CFA2DC9C009585CDF2AFA3DA91372D4449083323D4B818B122F441345E4591830AB14006418758990BF4B8B00411745C8543CFA4D004A18B529DC30EA47C0523EC40F40F63F6A608F46C754B45D0B0B050042DD5FFE1D6BE3C10DB720AB44C2C26C140B79B6918661B533D5BE7B954650E9B98E651BAB08F698A9D79697C03B1C69EA3FCB89CE729D78D0C64E54055FEA46EBD3E58950E50A7EC30D322B79D7CBA597E421327A52F28A4279B8B0D19E1B85085A3C53FA3F30891FE361F5C9355EE11E6B88C06F14F8F4F4EA5F4788793AA6E92E761A4390CD6E5AB13E76B8490164447B53368C5356F55CD3E790159F0444F10A4A090568E6EC9D7BE8D3153939F15CD28CF34AE9210BECEFC3F0BB233EFEA1FF70DE51BEF2623CA71E61D7BFFDA2E6B9A76DE8A009B866BBF2469E1AE93A41920E72C7A0788A5C1E895F2EC016157A9D4F4679D4C7A24D7EAA152E327B9B2D58F926A2BDD9032633580B0689ED18AEDBB5843551C316156310EC3D8D3DEB3BF9D41EDB74AA81C0D3997426220717720BA7326A13D8E9305EE86859C36CB8FE5C0EAAC189FE5476F5F7F74358D42521F6BE340894CB6C1A6556D62206D8F8A440EDBE7FD198CB790D647CFD51D274290EE60A2724979246B673345628A9E7E0C9A843D3DE88DE97B6C06689B055D89B3FB6ABD634D6298A1560D21EF8BC1D7DB32ADCB608AA0C9DAD2DB08EBB3B6F46627646DB135BF0591836BE694E3E4DB807EE73E64A821D39C197EB583B6B79D82987CC3B0AABA6F46955C1B16C6AF6F6A8DA1F6FEFA4C1A9DCBE7D0292D9AE7FF63679D109FF9F648A3D12B22AAE569E64E42EBBEA9D414E5836DF7A4114A5046EF8416FD837847CC37F1D5A798D8535E89221664AC641223A50AF856D2466C9927C241EF874B0E71682AFFD5A480D85BC6072E2C68EC240FA3C6DA7F5B691CC60D84DF375AACBDBA51C172E8C918F68913167CE79EFCE1A0F1617AFC7480A915D4783D79AA7A244F285FC5CCFCF0811ED397FBE561522BE8380F9974C1C47F909C0C3AE683A56BD032DF3E97837640B64BF2A0633940F6071DDB7D24869035A4359583C610CB918E8A39DD63F2071EDFB6A1F22274074E0DB06D8207A7AC0E9C9A1C602A07A7DC0DBB9D95E1133638824EB1F6879E92C13D73CC6EBB3740D605F76E0906DE9C9B6198E40AEA9B5FE25B71FFEB3571EA72B46C58D0FF033B8181E055D5DF5C258F69E5DC4912559FC8F7171083903E97CF307A040126D5F4DD7C911AFC7710AD217D91F000C3ABE4668D576B4CBA0CE387488886A24E625BFB45060951E6E9CDAA48EC3D44178898885EBADE24EFD7280A6BB92F3557790616D4FB649767742E31BD445B6E6A4E9FD2C492111BBEDA69BE85F12A22CCF29B64015E601FD9EE72F81B5C8260533DDD3633E99E0871D8A717082C3310E78C47434F7E120C87F1EBCFFF030416778CFC7D0000, N'6.4.0')
GO
INSERT [dbo].[__MigrationHistory] ([MigrationId], [ContextKey], [Model], [ProductVersion]) VALUES (N'202005171537579_AutomaticMigration', N'Cicekci.DataAccess.DataContext', 0x1F8B0800000000000400ED5DCD6EE33812BE2FB0EF20E8B8E88993347A301BD83348279D41D093A4D14E063BA780911887887EBC121DC418EC93ED611F695F61498992F82B91B22CBBB38DBEC4A4AA5824BF2A167FAAFABFFFFECFF497D738F25E6096A33499F9470787BE0793200D51B298F92BFCF8C34FFE2F3FFFF52FD34F61FCEAFD5E7DF79E7E4728937CE63F61BC3C994CF2E009C6203F885190A579FA880F82349E80309D1C1F1EFE7D7274348184854F7879DEF4EB2AC12886C50FF2F32C4D02B8C42B105DA5218C72564E6AE60557EF1AC4305F8200CEFC3314C0E7001D9C030C4E8300E6B9EF9D46081049E6307AF43D9024290698C8797297C339CED264315F920210DDAE97907CF708A21C32F94F9ACF6DBB72784CBB3269082B56C12AC769ECC8F0E83D1B9B894CDE6B84FD7AECC8E87D22A38CD7B4D7C508CEFCCF00C3459A21DF931B3B398B32FAA16E800F2AB2771EAB7C5743812086FE2335AB08AF32384BE00A67207AE77D593D4428F80CD7B7E9334C66C92A8A78E18878A44E2820455FB2740933BCFE0A1F99C897A1EF4D44BA894C5893713465672E13FCFED8F7AE49E3E02182F5DC731D9FE33483BFC20466A497E1178031CC12CA0316A3A7B42EB5755AB745A046B4C6F7AEC0EB6F3059E0A799FF81A8C9057A856155C09ABF4B10D1314283B315D4882735790D5ED0A290566AFC2E5B11987C855151993FA165A90507B4E2BE99ED8B2C8DBFA611A3A82BEE6F41B680987420D5D5CED3551648D24C270DA85AA1568AE604334AF21D626A5BD58474B7D9CEE72BCC51DC82D6A3433BB8B6B7F2116528BE406B80ABA6CE61806210F9DE978CFCC5569A9F7C6F1E002ABB7B474E03F41C8118B46ADE107D69556EDBE172ECDC59FA3C273A91542D7F4C896AD29F5D2089972059830875111AAD49632FFA5B94CA66E82D4A656F5CECDB1C2E298941A4A2F6BE3436A24C4D8DD6CC71D53A3BD726D51F69B68AB51215358A344DA9220957B5B1B56503E56C720BBA5DD85DDAB86A7BB59F1632F6B1D3551B9BD8CDBAF16DAFF352BB57E81983CC5176236ACD7AD4A802FBA681AE54A5E057AE7755A55607C64AB7750647A3FABDB4AA8F46ED4C9B36F3624603F54D44467395C580CC0C7AAA172B3282F0966C093701385A1296B91EE265DDBD0A70BE4285B750DB07DC83689D8C719356F60379356C6E302FA9BE03DDD8241BA1BE30577CB30C5FA76DDEE88F03F8BB776BA82C96ED141780CC31380DE7E91AB48DF1F1870FDB18E4AAF90CE6E3377E0BA3D62939DE0AAE3EC50045E377F6ECE5C50918F367FC4723A72DC9E9DA89826AC51C3CA107341C02EDB47A453C3334DC06B78FD766B7A4296B8776C1B35ED2D650EFAEADE17DBD9070BE5A53AC6EC2B8BACDF63E5426B75DCF1A7E7B0BD708E74C94355106A24C6807CBE563065B4F5BB6624C97698EDBCE91B6644D3F8335C203B906F334F9150DE76910ED74DE301BED0561A6B517A4FCBED0DBC656B022C54E54E5AEDE77DB76C0C25C29FB4A8D29EB65AE8A2171325784E2BBB9723E9CDDF2CD8B61216C01B68C2819F0BDD0C4CE229DF054D07C47D4760E0B8BC13D6ADD150C72357145661C666888EB47AB86BAB61DC35C1E9D43E241C3082621CA62D8BE17703F54EC3C9E97555473726FA3A5A7799E06A8689D13A9B93D11FBF12909BDD6AB9472C8AB535132EA443DD1922824697AE6FF4D191813C37A656D1836173A22D3235FD6E69BE49CCC0B86DE6950BE6D38037900427546C9988462093100645A13FA02E38CCC07312928C1AAB5404940D6D7A84D7489C8D2C850A16AF672CD39D90725D43EB4CD814DBBFC2DADDA7EDD8C34585D63339D70606AC798B8213441C2B03B6C2051FB4522220E0F0E8E5A90663847E5D896DB54196632C75E58D1363E0256B463D9BFDD113052B927A669547C9566020BBF758B5642154283A2C2B5EAB27FBD3024F57C04F448DDB46991EDCD76021D7ECF645C6F741BA8D6D9EB302BDA03A44E5B35102434BD19630152BB6CD32A3BBADFCDCA235D65191709D3BD56E732B1153B63BCDC161D2EAD480341CC302263AC5DFACEDBB46C788C31961D125F06B4B9BEBA6702BDE6D6C8D60099FD74A755B947F2A7D579B0B268A6E74163A08CDB2A9AA0A0DB373630600733F6C8D2BD12DB7754A9328F802875DCF70C4DE5A100A1C1840266D5D106C08096C157DD93A2BB1CB223BB9C9D94C838A13CE7102B6F359B2308654FAF604DE451624AA12F8B2D6899F1D43260751D5C4C1C2CA92BEF4FA5AF6ABA7A411D5255FEB5AA303265B11B52288BD20E4A6618145A562E51731013079F7B8BCB7DA37DAC2B23BEEBC0A996B88288A2335D274C1C07231A2762D72CBA2DDD78ABDD6E3901B13803E18436E0C7E2C48367A205B17BB7EB2B05B5C3DAED7CEB869E934F03D6D66D380F0B8D86B8774CB885D380D8B4E1ECDC72B64BDAB9C1EC06421FF0CACFFD34F06DDB46596DA4BAD067B5FD91D47F2818CB2F7AF556CBE4D9DBF8F63682DB38F31DF6AF47DFF98B07B5DF265FB3CBDBE4E4D42E1E5DEE65FF7E56171FB58F53D74D2765C8262B984E0CB19DD32BB05CA264C1C57AB2126FCE023D7F98BB4740C6258F4920980CD923AB5BC269061650AAA5213821BC40598EA9CFF600E82DD659182B9FF11E9D61CDAF5A929C36759A2A67A022A07FB38777E6784C8DE3CBE82F48BF62EA321737A2BAE55821F568B42D8840A6B9803D4BA3559C98BD7733F5A9447DAAA59E4E24B915275D1921653F238EB8D57C1854CE692E743C2CE6414FB69D39E06FA6782E6D3756666E2C8A9067C48AEC79F031823C23BEDC01637538A080B4BA7468B49AA89BC83D9E4753EA32634D309F38634DF95E6991C9617156252D234B7D32D09A06B93A11E007D8744A60E6521F86F26C8C27A4663E55B017CFA62ADB9BA91E649AFB4EB1E3F46E66339530259E9552B93F1364DC2FB94D919E8DCD249928B7334D52908DA08362958BF12D436D44C35B96D97361F7718271D15FD1997948C1353C2FA9CA9D671131A3E35854D8F36341303C275664CF83BD2DE379B02287C597C6A708EB2E2D7040128B571120C4CA9CB8D0101689C9A9F2F2B00B7F52508B0C45A9DA5D5F58F88A4E5F58D5DE9834FDF9969B63A1B2B0712974545BF2D085C80B61B6851A97892EC229C4092E8A1CD4920547087AC9CA5CE0CC853A8840E62A1C7A26853B085D94EA1C7635E5CB1A6157A37F6CB33345A0E7B51B2A828685852268A9FE0F8F0BCA43B60DA740CBC462120C74DB998661B646D553789E4B55E6B0316A1EBA0B7BA3A6D89997C6DF106BEC39CA0FD6799E72DDC840560E69E54FEAD6EBC35AE95076CA0E482DB2F2C927A6E5273422367D41213D2D9DAFC908C7852A1CCCFF199D4588F4B7F9E08AAC728F30C76584897F7C78742C25F6DB9F247B933C0F23CD01B32ED39E385F2384C9203AAA9D8130AE19B76AF6C90BC882277A2A21059AB472744B1BF736C64C4DDB5634A33CFDB84C42F83AF3FF2CC84EBCCB7FDC3794EFBC9B8C28C78977E8FD6BB37C6FDA792B82761AAEFDD2BB85DB4EEF66809CB3E81D209606A357B2B607845DA55213B77532E99116AC874A8D9F9ECB563F4AAA8D7443CAE9D500C2A279462BB6EF620D5571C4545FC5380C634F7BCFFE6606B5DF2AA17234648B0A8981C4DDC1EDCE399076384E16B81B1672DAFC449603ABB3627C7E22BD7DFDD1D5340AE988AC8D032532D9069B56B5298DB43D2A92436C9EB16830DE4242223D57779C0881BF8389CAA51392AC9D55161E21B9503F064DAAA11EF4C6C4433603D43BCFD0869E9653469D37E2836B52DA0CB53609196B0C1EE58609690653374DBE99DEA65E9F6FA6373B21DF8CAD912F881C1C40A7EC2C6F03FA9DBB9DA1864C7332F9CD0EDACEF62362DA10C3DAEDBEE555B2845818BFBE4941863A61D0E700E95CA4874EC6D1042E8C9D2F437CA0DC230148AF58AE9647A55B090A7C534935CAA7E6EEE92E947092DEA938FA871F8F9829E39B4F8EB1A38C184514CB586930464A72F056125E6C98E1C241EF874B6BB16F2AFFCD24AFD859AE0A2EA069ECF414A36609785B0928C60DE1DF355AACBDBA51C1B2EF69247689131636E89EB662AFF1617A62B5874921D4484379AA7AA47D28DFDECCFCF0815E0694FBE5619242E8380F992EC2C47F906C123AE683259AD032DF3C0B857640364B4FA1633940DE0A1DDB5DA4B49035A4350985C610CB319A8A39DD61DA0A1EDFB641FE2274074E6AB0696A0AA77C149C9AEC61120AA7AC13DB9D95E1534D38824EB1F6FB9E4CC23DE7CD76BB3740BE08F76E0906DE9C556298B410EACB62E25B71FF2B3871EA72B46858D0FF233C8181E055D5DF5C268F69E5DC4912559FC8F7171083903ECACF307A040126D5F4757E91D4FC7710AD207DF7F000C3CBE46685972B4CBA0CE3874888E3A24E625BFB45EE0B51E6E9CDB248493E44178898885EBADE241F57280A6BB92F3457790616D4FB649767742E31BD445BAC6B4ED76962C9880D5FED34DFC278191166F94D32072FB08F6C7739FC0D2E40B0AE1E889B99744F8438ECD3730416198873C6A3A1273F0986C3F8F5E7FF01A03DB2521C7F0000, N'6.4.0')
GO
INSERT [dbo].[__MigrationHistory] ([MigrationId], [ContextKey], [Model], [ProductVersion]) VALUES (N'202005182033078_AutomaticMigration', N'Cicekci.DataAccess.DataContext', 0x1F8B0800000000000400ED5DDD6EE3B815BE2FD077107459CCC64906B3D806F62E32C96411CC26198C9345F72A6024C661A31F57A28318459FAC177DA4BE42498992F82B91B22C7BA6C1DE4C489FC3BFEF1C1E923ADFFEF7DFFF99FEF21A47DE0BCC72942633FFE8E0D0F76012A4214A16337F851F7FF8C9FFE5E73FFF69FA298C5FBDDFABDFBDA7BF2392493EF39F305E9E4C2679F00463901FC428C8D23C7DC407411A4F40984E8E0F0FFF3A393A9A40A2C227BA3C6FFA75956014C3E20FF2E7599A0470895720BA4A4318E5AC9CD4CC0BADDE358861BE04019CF9672880CF013A3807189C0601CC73DF3B8D10203D99C3E8D1F74092A41860D2CF93BB1CCE7196268BF9921480E876BD84E4778F20CA21EBFF49F373DBA11C1ED3A14C1AC14A55B0CA711A3B2A3C7ACFE666228BF79A61BF9E3B327B9FC82CE3351D75318333FF328218E528F63DB9B193B328A33FD44DF04125F6CE6395EF6A2810C4D0FF48CD2AC2AB0CCE12B8C21988DE795F560F110A3EC3F56DFA0C9359B28A22BE73A47BA44E2820455FB2740933BCFE0A1FAB2E87BE3711E526B2602DC6C99483B94CF0FB63DFBB268D838708D66BCF0D7C8ED30CFE0A1398010CC32F0063982554072C664F695D6AEBB46E8B408D588DEF5D81D7DF60B2C04F33FF0331930BF40AC3AA80357F972062634406672BA8E95E7B939F6280A2D15BFD9C26AB96468F0EB7D2EA15CCC1DFDB9B1DA0DDE9A431955603FA4C30B24833E4684095D89B01EDC680AEC10B5A14BD951ABFCB56C4CF7E855151993FA165B98D1CD08AFB66B52FB234FE9A464CA2AEB8BF05D90262328054573B4F5759D0176A65D79C604645DE20A6715D6C41BADB6CD7F315167BE7C63EB0BD958F2843F1055A035C35750E031403E2F2BF64E45F2C54FBC9F7E601A07D771FC869809E23108356CB1B622CADC6BDA52DE32C7D9E139B48AA963FA6C434E99F5D2089972059830875091ABD49E32FFA7B94CA67E83D4AE56F5CFCDB1C2EA988A14B45ED7DE96CC43E35355A37C755EBFC5C5BAFFE48B355ACED5151A3F4A629557AC2556DEC6DD94439BBDC426E177E9736AEFA5EED4F8B3EF6F1D3551B9BF8CDBAF19143D62BF48C41E6D877236ACD76D49802FB4D035DA94AC1AF5CEF6A4AAD018C956DEB1C8EC6F47B59551F8BDA99356D16C58C06EA9B88CCE62A8B015919F4546F566406E12D8A370986E7684954E67A889775F72AC0F90A15DE426D1F700F627532C64D56D90FE4D5B4B9C1BC947A03BAB14936437D61AEC46619BE4EDBA2D11F078877EFD650D92CDB252E005963701ACED335689BE3E30F1FB631C955F319CCC76FFC1646AD4B72BC93EBB32D0DF6ECE5C50918F367FC47D34F5B91D3B59304B58A3978420F683804DA59F58A446668B8036E9FA8CD6E4B53F60EED8667BDA5ADA13E5C5BC3FB7A23E162B5A6583D8471759B9D7D689FDC4E3D6BF8ED6D5C23DC3351D5C4188831A11D6C978F196CBD6DD98A335DA6396EBB47DA9237FD0CD6080F141ACCD3E457345CA441ACD3F9C06CF4174499D65F90F2FBC26E1B5FC18A143F5195BB46DF6DC7010B77A59C2B35AEAC97BB2AA6C4C95D11893777E57C39BBE59717C346D8026C195132E07BA189DD453AE1A9907943D4762E0B8BC93D6A3D150CF2347145561C666888E747AB86BA8E1DC33C1E9D431241C3082621CA62D87E1670BF54ECBC9E974D5473736F63A5A7799E06A8689DEB52F37A228EE353127AAD4F29E59457B7A264D68979A2253148D2F4CCFF8B32312685F5CEDA286C1E7444A547BE6CCD37C93959170CBDD3A0FC38E80CE40108D5152573128A25C40190654DE8274C67643D884B410956BD054A02B2BF466D5D97842C9D0CED54AD5EAE3927E7A084FA87B635B069977FA555DBAF9B9126AB6B6EA6130E4CED18130F842648184E870D24EAB84844C4E1C1C1510BD20CF7A89CDAF2982AC34CD6D80B2BDAC647C08A762EFBB73B0246AAF0C4B48C4AACD22C6011B76ED14BA89DD0A0A808ADBAFC5F2F0C49231F013DD2306D5A6467B39D40873F3319F71BDD01AA75F53ADC8AF602A9D3570D0409CD68C6D880D421DBB4CAAEEE77B3F3484F59C64DC2F4AED5B94D6CC5CF181FB7C5804BDBA5812066989131F62EFDE06D5A367C8C31961F12BF0C680B7D759F09F45A5BA35A0364F6339C56FB3D523CADAE839547337D1E3406CAB8A3A2090ABA736303037631638F2CDD5762FB8E2AB5CF23204A9DF73D4353792940643091805975B50130A065F055F749D15D0ED9955DCE6E4A649C509D7388955498E60A8241A5A952B026EA680EFF8A8EA6AA4347894B45BE2CB690650E58AB80D575683169B094AE224855BEAAE91A050D6AD5FEAF55A393258B1395225994764832E7A2C8B272499A83A938F9DCF7BCDC6FB41FFCCA56D3756955F7B8828862775DB7549C06231A27E2D02C862DBD9AABC36EB945B1B847E13A6DC08FC5AD09AF440B62F761D7CF12EA80B55702AD97025CFF34606D3DCAF3B0D05888FBC084973C0D884D87D6CE636B7B4F3B0FA9DD40E8035EF993410D7CDB8E625687B12EF4591DA124F31F0AC6F257C17AAF653A1DD89C0F6C3A6E7320E8F07F3DC6CE3F5EA8E336C5AB5D112BD74FEDE6D115A2F61F67F57852C74975DD7452E64DB382E9C490603DBD02CB254A165CC2352BF1E62CDBFA87B97B1A725CEA980482CB90A3BABA259C666001A55A9AC613C20B94E598C67D0F80BE849D85B1F2333E2A34ECF9554B52E0A72E53150C5402F4DFECE33D7352B4267866F217645C310DBB8B57556EA1CDA21E4D790711C8348FB86769B48A13F309C02C7D2A499F3A49B3874B5E012BB2D751260FF32ACA127B0D2C119857C18A541DD389B402CA9145596BE5742762C70A592DB19E13B24C7A2C906516DD25B276B41E0667EEB4163A1D16EBA017DBCE1AF0EFA68285B5BCA79AB5B11C575E112BB2D7C167B0F28AF872078CD5C9AA02D2EAD2B1FC609357CAEB684A5D56AC49351557AC29DF2B2B3285C2CEA6A45564694F0659D32457F755FC049BEEB0CC5AEAAB7A5E8DF1FEDEACA74A4514F62F56B6374B3DC832F75D62C7E5DDCC672A4974BC2AA5727F16C87812775B22BD1A9B4532496E6799A41430C106C52A17E75B2682898EB72CB3D7C25E8B05E7A27F4036EB9052BF785D5295BBCE229F4BA7B1A8B0D7C752B4784DAC68DC0344913D25ECBBB4C001492C9B4A80102B73D24213AC2425A7CA77B15DF89352AE64284AD5EEF6C292AB74F6C2AAF6C6A5E96F4EDD020B55854D48A193DA52842EE40509AB2DD4B82C7491EC232E7051E460962C7547B04B56E602672E1147043257E1303229194718A254E770AA29BFFB124E35FA4FC1766608F425604343D0A8B03004ADD4FFE17541797DBBE1126895582C82416E3BCB30CCD1A84AD4E0B554650E07A3260D43381B35C5CEBA34F1865863AF514EA7E075CA75230359B9FE977F52B75E3F0348D7FD5376F56E41BA2ADFC5973FA1F9DAE90B0AE93DFC7C4D66382E4CE160FE8FE82C4264BCCD0FAEC82EF708735CE63FF9C78747C7126FEBFE70A84EF23C8C344F173A225571BD4648E24274563BD3B45CF9E06AF5C90BC882277A2B21A5416D42B23094529E8254ABB3C8A1DA8461D4A4B54BAD3B81E81B709CE64DF321E1B73A672A1B65D18CF245DB6512C2D799FFCF42ECC4BBFCDB7D23F9CEBBC988573DF10EBD7F6D4663696347FD582BC36DB3561A20E7DCF50E10F7712A3207E503C2AEBD52F9283B95F4603BEC6152E3B30EDADA4729B5916D4854850D202C9A67B262FB9BED78228361310FC3F8D3DEABBF99431D2A123090E085C441E26ECE0E676AB71DCE9305EE86859C9676CD7262755E8CA75DD3FBD71F5D5DA3C0B266ED1CA890C937D8B4AA656AD38EA8E0BCD99C886D30DD02CF9A5EEB3622FC3E5DE558D2246F67452E2670A6F553D030A8F59037F2A9D94C506FFAB40D232D27A2B0EF2406D730750DB53709445C868872439EADC1CC4D43A3D5DBD5EB69B47AAB1368B46C9D7C21E410003A914E7D1FD0EF3CED0C35659A2BED6F76D276761E11D9900C7BB7FB9157213FB2707E7DB98E86BA61D0531B756ED243730C35B95463D3008939133D788D7AA5A8B67C8DBC955CE7EF8A2BA8CC7E7167F15132DC7A330CF56755189100E89BE7FCD911D14F91583716BBCF48DC2DDF0B8FCF86C43D0E763F1C5BCFBE99FC37C3C9B3330A1E2EC7726CD69D51C94FBE2F5E9D719949768D16EBA86E54B0EC3B3BCE2E71C23299DDD978F61A1FA66FF3F690EB464D7E9697AA079B4DF9D1D6CC0F1FE86340795E1E96EB46D7C2304C383ACD4372E498F40F42A1A3533E18BB8E56F9E6D43BDA09D98C9347A77200B21E9DDA5DF0F8C816D2CABCA371F572FAB0E2B077C8D5C3E3DB96D94484EEC04C2E9BF2F13891F07066B287CC3B4E543BDB5D95E1F9751C41A778FB7D67D07127FADAEEF00620C9711F96E0E0CD543AC370E1A81FBD93E86D95D037CAF2AF7398A345A3624A74263010E2B6FA3797C9635A858F528FAA9F289F1B6310D27C910CA3471060524D13478AFF1BC4EF205A41FA65C5030C2F939B155EAE3019328C1F2221C59086A16DED17843F629FA737CBE2FFE530C4104837117DD6BD493EAE5014D6FDBED03C161A54D0F8963DCFD1B5C4F4996EB1AE355DA789A522367D75587E0BE3654494E537C91CBCC03E7DBBCBE16F7001827595BB6056D2BD10E2B44FCF11586420CE998E469EFC49301CC6AF3FFF0F1C2B99E996870000, N'6.4.0')
GO
SET IDENTITY_INSERT [dbo].[Iletisim] ON 

GO
INSERT [dbo].[Iletisim] ([Id], [Ad], [Email], [Konu], [Mesaj]) VALUES (1, N'ahmet', N'asd@asd', N'Şikayet', N'Merhaba sa sd asd asd as&amp;nbsp; &lt;a href=&quot;http://www.google.com&quot; target=&quot;_blank&quot;&gt;asdas &lt;/a&gt;d&amp;nbsp; &lt;span style=&quot;font-weight: bold; font-style: italic;&quot;&gt;asdasd&amp;nbsp; &lt;/span&gt;asd as &lt;span style=&quot;background-color: #ffff00;&quot;&gt;as&lt;/span&gt;')
GO
INSERT [dbo].[Iletisim] ([Id], [Ad], [Email], [Konu], [Mesaj]) VALUES (2, N'merhmet', N'bnvbnvb@bsd', N'TAlep', N'asd asd asd asd asd &lt;span style=&quot;font-weight: bold;&quot;&gt;asdasdasd&amp;nbsp;&lt;/span&gt;')
GO
SET IDENTITY_INSERT [dbo].[Iletisim] OFF
GO
